¿Qué es el runtime de JavaScript?;El runtime de JavaScript es el entorno en el cual el código de JavaScript es ejecutado. Incluye el motor de JavaScript, las APIs del navegador (en el caso de JavaScript ejecutado en navegadores) y la Event Loop.;Los dos principales motores de JavaScript son V8 (usado en Chrome y Node.js) y SpiderMonkey (usado en Firefox).;
¿Qué es el motor de JavaScript?;El motor de JavaScript es el componente que ejecuta el código JavaScript. Convierte el código fuente en instrucciones que la máquina puede ejecutar.;Los motores modernos como V8 de Google realizan optimizaciones avanzadas como JIT (Just-In-Time) compilation para mejorar el rendimiento.;
¿Qué es el Event Loop en JavaScript?;El Event Loop es un mecanismo que maneja la ejecución de código, la recolección de eventos y la ejecución de sub-tareas en el runtime de JavaScript. Es crucial para la naturaleza asíncrona de JavaScript.;El Event Loop permite que JavaScript sea no bloqueante, permitiendo la ejecución de múltiples operaciones concurrentemente.;
¿Cómo maneja JavaScript las operaciones asíncronas?;JavaScript maneja las operaciones asíncronas usando callbacks, Promises y async/await. Estas herramientas permiten ejecutar código después de que una operación asíncrona ha completado.;Las Promises representan un valor que puede estar disponible ahora, en el futuro o nunca, y async/await son sintaxis de azúcar para trabajar con Promises.;const myPromise = new Promise((resolve, reject) => { setTimeout(() => resolve('Success!'), 1000) });
¿Qué son las APIs del navegador en el runtime de JavaScript?;Las APIs del navegador son interfaces que los navegadores web proporcionan para realizar tareas comunes como manipulación del DOM, realizar solicitudes HTTP, almacenar datos y más.;Algunas APIs comunes incluyen el API de Fetch para realizar solicitudes HTTP y el API de LocalStorage para almacenar datos localmente.;fetch('https://api.example.com/data') .then(response => response.json()) .then(data => console.log(data));
¿Qué es el Call Stack en JavaScript?;El Call Stack es una estructura de datos utilizada por el motor de JavaScript para rastrear las funciones que se están ejecutando y las funciones que se llaman dentro de esas funciones. Es una pila LIFO (Last In, First Out).;El Call Stack ayuda a gestionar la ejecución del programa y es fundamental para entender cómo se manejan los errores y excepciones en JavaScript.;function firstFunction() { secondFunction() } function secondFunction() { console.log('Hello, world!') } firstFunction();
¿Qué es el heap en el contexto del runtime de JavaScript?;El heap es una región en la memoria donde se almacenan los objetos y las variables dinámicas. A diferencia del Call Stack, que tiene un tamaño limitado, el heap puede crecer según las necesidades del programa.;El garbage collector en el motor de JavaScript gestiona la memoria en el heap, liberando espacio que ya no es necesario.;let obj = { name: 'John', age: 30 } obj = null; // El garbage collector liberará la memoria eventualmente.
¿Qué es el garbage collector en JavaScript?;El garbage collector es un proceso en el motor de JavaScript que libera la memoria ocupada por objetos que ya no son accesibles o necesarios en el programa.;Los motores de JavaScript modernos utilizan técnicas como el "mark-and-sweep" para la recolección de basura, asegurando que la memoria se gestione de manera eficiente.;let user = { name: 'Alice' } user = null; // El objeto ya no es accesible y será recolectado por el garbage collector.
¿Cuál es la función de la Web API en el runtime de JavaScript?;La Web API permite a los scripts del navegador interactuar con el entorno del navegador. Proporciona una serie de interfaces y métodos para realizar tareas como manipulación del DOM, realizar solicitudes HTTP, y más.;La Web API es fundamental para la creación de aplicaciones web interactivas y dinámicas.;document.getElementById('myElement').innerText = 'Hello, world!';
¿Cómo funcionan los timers en JavaScript?;Los timers en JavaScript, como setTimeout y setInterval, permiten ejecutar código después de un cierto período de tiempo. Estos timers son manejados por el Event Loop.;setTimeout ejecuta una función una vez después de un retraso especificado, mientras que setInterval ejecuta una función repetidamente con un retraso fijo entre cada ejecución.;setTimeout(() => { console.log('This message is delayed.') }, 1000) setInterval(() => { console.log('This message repeats every second.') }, 1000);
¿Qué hace el Event Loop cuando no hay tareas pendientes?;Cuando no hay tareas pendientes, el Event Loop entra en un estado de espera. Se mantiene en este estado hasta que hay nuevas tareas o eventos para procesar.;El Event Loop verifica continuamente la cola de tareas y las ejecuta en orden cuando están disponibles.;
¿Qué es el JavaScript bloqueante?;El JavaScript bloqueante se refiere a cualquier operación que detiene la ejecución del código hasta que se completa, lo cual puede congelar la interfaz de usuario.;Las operaciones de I/O síncronas, bucles pesados y cálculos complejos pueden causar JavaScript bloqueante.;while (true) { console.log('Bloqueado') };
¿Cómo se mitigan las operaciones bloqueantes en JavaScript?;Las operaciones bloqueantes se pueden mitigar utilizando técnicas asíncronas como callbacks, Promises, y async/await, o moviendo tareas intensivas fuera del hilo principal utilizando Web Workers.;El uso de APIs asíncronas permite que el Event Loop continúe procesando otras tareas mientras se espera la finalización de una operación.;fetch('https://api.example.com/data').then(response => response.json()).then(data => console.log(data));
¿Qué son los Web Workers en JavaScript?;Los Web Workers son una API que permite ejecutar scripts en hilos separados del hilo principal, permitiendo la ejecución de tareas pesadas sin bloquear la interfaz de usuario.;Los Web Workers no tienen acceso directo al DOM, pero pueden comunicarse con el hilo principal a través de mensajes.;const worker = new Worker('worker.js') worker.postMessage('Hello') worker.onmessage = function(event) { console.log(event.data) };
¿Cómo se comunica el hilo principal con un Web Worker?;La comunicación entre el hilo principal y un Web Worker se realiza mediante el paso de mensajes usando el método postMessage y el evento onmessage.;Este modelo de comunicación es asíncrono, permitiendo que ambos hilos sigan ejecutándose sin bloquearse mutuamente.;worker.postMessage('Hello, Worker') worker.onmessage = function(event) { console.log(event.data) };
¿Qué tipo de tareas son adecuadas para los Web Workers?;Las tareas adecuadas para los Web Workers incluyen cálculos intensivos, manipulación de datos grandes, y cualquier tarea que pueda bloquear el hilo principal.;Por ejemplo, procesamiento de imágenes, cálculos matemáticos complejos, y manejo de grandes cantidades de datos son ideales para los Web Workers.;
¿Cuál es la limitación principal de los Web Workers?;La principal limitación de los Web Workers es que no tienen acceso directo al DOM, lo que significa que no pueden manipular directamente los elementos de la página.;Deben comunicarse con el hilo principal para actualizar la interfaz de usuario o interactuar con el DOM.;
¿Cómo los Web Workers mejoran el rendimiento de las aplicaciones web?;Los Web Workers mejoran el rendimiento al permitir que tareas intensivas se ejecuten en hilos separados, evitando que estas tareas bloqueen el hilo principal y manteniendo la interfaz de usuario responsiva.;Esto es especialmente útil para aplicaciones web que requieren procesamiento de datos en tiempo real o manipulación de grandes volúmenes de información.;
¿Qué es la cola de tareas (Task Queue) en el contexto del Event Loop?;La cola de tareas es donde se almacenan las tareas que están listas para ser ejecutadas después de que el Call Stack esté vacío. El Event Loop extrae tareas de esta cola para ejecutarlas.;Las tareas en la cola de tareas suelen incluir callbacks de eventos y callbacks de timers.;
¿Qué es la cola de microtareas (Microtask Queue) en JavaScript?;La cola de microtareas es una cola especial para tareas que deben ejecutarse antes de que se procesen las tareas en la cola de tareas. Las Promises resueltas y las funciones async/await generan microtareas.;Las microtareas tienen mayor prioridad que las tareas normales, lo que significa que se ejecutan antes que cualquier tarea en la cola de tareas.;Promise.resolve().then(() => { console.log('Microtask') }) setTimeout(() => { console.log('Task') }, 0);
¿Cómo se procesan las microtareas en el Event Loop?;Las microtareas se procesan al final de cada ciclo del Event Loop, después de que todas las tareas actuales en el Call Stack se hayan completado pero antes de que se procesen nuevas tareas de la cola de tareas.;Esto asegura que las operaciones críticas y de alta prioridad se manejen de inmediato.;
¿Cómo se puede crear un Web Worker en JavaScript?;Un Web Worker se crea instanciando un nuevo objeto Worker y pasando la URL del archivo JavaScript que contiene el código del Worker.;El código del Worker se ejecuta en un hilo separado.;const worker = new Worker('worker.js') worker.onmessage = function(event) { console.log(event.data) } worker.postMessage('Hello, Worker');

¿Qué es el scope (ámbito) en JavaScript?;El scope (ámbito) en JavaScript se refiere al contexto actual de ejecución en el que los valores y expresiones pueden ser referenciados. Determina la accesibilidad de variables, funciones y objetos en diferentes partes del código.;JavaScript tiene dos tipos principales de ámbito: global y local (de función y de bloque).;let globalVar = 'Global' function localScope() { let localVar = 'Local' console.log(globalVar) // 'Global' console.log(localVar) // 'Local' } localScope() console.log(localVar) // ReferenceError: localVar is not defined;
¿Qué es el ámbito léxico (lexical scope) en JavaScript?;El ámbito léxico en JavaScript se refiere a la accesibilidad de las variables en función de su posición física en el código fuente. Las funciones pueden acceder a las variables definidas en su ámbito externo.;Esto significa que el ámbito de una variable está determinado por dónde se declara en el código.;function outer() { let outerVar = 'Outer' function inner() { console.log(outerVar) } inner() } outer() // Output: Outer;
¿Cómo funcionan los cierres (closures) en JavaScript?;Un cierre (closure) es una función que retiene acceso a su ámbito léxico externo incluso después de que la función externa haya terminado de ejecutarse. Esto permite que la función interna acceda a las variables del ámbito externo.;Los cierres son útiles para crear funciones con estado privado y para manejar datos de manera segura.;function outer() { let count = 0 return function() { count++ return count } } const increment = outer() console.log(increment()) // 1 console.log(increment()) // 2;
¿Por qué los cierres son importantes en JavaScript?;Los cierres son importantes porque permiten mantener el estado entre llamadas de función, crear funciones con estado privado y evitar el uso excesivo de variables globales. También facilitan el manejo de datos asíncronos.;Los cierres son fundamentales en muchos patrones de diseño y técnicas de programación funcional.;function makeCounter() { let count = 0 return function() { count++ return count } } const counter = makeCounter() console.log(counter()) // 1 console.log(counter()) // 2;
¿Qué problemas pueden surgir con los cierres en JavaScript?;Los cierres pueden provocar problemas de rendimiento si retienen referencias a grandes estructuras de datos innecesariamente, causando fugas de memoria. También pueden complicar el código si no se gestionan adecuadamente.;Es importante asegurarse de que los cierres no retengan más datos de los necesarios y que se limpien adecuadamente.;function outer() { let bigData = new Array(1000).fill('some data') return function() { console.log(bigData.length) } } const closure = outer() // Aquí 'bigData' está retenido en el closure;
¿Qué es el memory heap en JavaScript?;El memory heap es un área de la memoria utilizada para almacenar objetos y datos dinámicos. JavaScript utiliza el memory heap para la asignación de memoria a objetos, arrays y otros valores dinámicos.;El memory heap es gestionado por el Garbage Collector, que libera la memoria cuando los objetos ya no son alcanzables.;;
¿Cómo se asigna y libera la memoria en el memory heap?;La memoria en el memory heap se asigna cuando se crean nuevos objetos y se libera cuando el Garbage Collector identifica que ya no son alcanzables. El recolector de basura utiliza algoritmos como "mark-and-sweep" para gestionar la memoria.;Un manejo adecuado de la memoria es crucial para evitar fugas de memoria y optimizar el rendimiento.;let obj = { name: 'John' } obj = null // 'obj' es ahora inalcanzable y será recolectado por el Garbage Collector;
¿Cómo afectan las variables globales al memory heap?;Las variables globales permanecen en la memoria heap durante toda la vida del programa, ya que son accesibles en cualquier momento desde cualquier parte del código. Esto puede llevar a un uso excesivo de memoria si no se gestionan adecuadamente.;Es importante minimizar el uso de variables globales y limpiar las referencias cuando ya no se necesiten.;var globalVar = 'I am global' function doSomething() { console.log(globalVar) } // 'globalVar' permanecerá en la memoria heap mientras la página esté activa;
¿Qué técnicas se pueden usar para evitar fugas de memoria con closures?;Para evitar fugas de memoria con closures, asegúrate de no retener referencias innecesarias a datos grandes. Usa WeakMaps o WeakSets para referencias débiles que no impiden la recolección de basura.;Otra técnica es liberar manualmente las referencias dentro de los closures cuando ya no se necesiten.;function outer() { let data = new Array(1000).fill('some data') return function() { data = null } } const closure = outer() closure() // 'data' es liberado explícitamente;
¿Cómo se relaciona el scope con el execution context en JavaScript?;El scope determina la accesibilidad de variables y funciones, mientras que el execution context es el entorno en el cual se ejecuta una porción de código. Cada execution context tiene un scope asociado.;El scope es creado cuando se genera un execution context, definiendo qué variables y funciones son accesibles en ese contexto.;function example() { let localVar = 'I am local' console.log(localVar) } example() // 'localVar' está en el scope del execution context de 'example';
¿Qué es el scope chain en JavaScript y cómo funciona?;El scope chain es una lista de todos los scopes que una función tiene acceso. Cuando se busca una variable, JavaScript primero la busca en el scope actual, luego en el scope externo y así sucesivamente hasta llegar al scope global.;El scope chain permite que las funciones accedan a variables en sus ámbitos externos.;let globalVar = 'Global' function outer() { let outerVar = 'Outer' function inner() { console.log(globalVar) // 'Global' console.log(outerVar) // 'Outer' } inner() } outer();
¿Cómo afecta el lexical scope a los cierres en JavaScript?;El lexical scope determina qué variables están disponibles dentro de un cierre. Como los cierres retienen acceso a su lexical scope externo, pueden acceder a las variables definidas en ese ámbito, incluso después de que la función externa haya terminado de ejecutarse.;Esto permite a los cierres mantener el estado y trabajar con datos privados.;function createClosure() { let secret = 'I am a secret' return function() { console.log(secret) } } const myClosure = createClosure() myClosure() // Output: I am a secret;
¿Cómo se puede optimizar el uso del memory heap en aplicaciones JavaScript?;Para optimizar el uso del memory heap, evita crear demasiados objetos grandes, libera manualmente las referencias cuando ya no se necesiten, y utiliza estructuras de datos eficientes. También es útil minimizar el uso de variables globales.;El profiling de memoria con herramientas como Chrome DevTools puede ayudar a identificar y solucionar problemas de memoria.;let largeArray = new Array(1000).fill('data') largeArray = null // Liberar manualmente la referencia cuando ya no se necesita;
¿Qué son las variables libres en el contexto de closures?;Las variables libres son aquellas que no están definidas dentro de una función pero que son accesibles desde ella gracias a los cierres. Estas variables se encuentran en el ámbito externo de la función.;Los cierres permiten que una función recuerde y acceda a su ámbito léxico externo incluso después de que la función externa haya terminado.;function outer() { let freeVar = 'I am free'  function inner() { console.log(freeVar)  } return inner  } const closureFunc = outer()  closureFunc()  // Output: I am free;

¿Qué es el Garbage Collection en JavaScript?;El Garbage Collection es el proceso de liberar memoria que ya no está en uso por el programa. En JavaScript, este proceso es automático y gestionado por el motor del navegador o el entorno de ejecución.;El recolector de basura identifica y elimina los objetos que ya no tienen referencias activas, liberando así la memoria.;;
¿Cuándo se considera que un objeto es "alcanzable" en JavaScript?;Un objeto se considera "alcanzable" si se puede acceder a él directa o indirectamente desde el contexto global o el stack de ejecución. Esto significa que el objeto todavía es útil y no debería ser recolectado.;Los objetos que no son alcanzables eventualmente serán eliminados por el Garbage Collector.;;
¿Qué es el "Mark-and-Sweep" en el contexto del Garbage Collection?;El "Mark-and-Sweep" es un algoritmo de Garbage Collection que marca los objetos alcanzables y luego recolecta los objetos no alcanzables. En la fase de "mark", se recorren y marcan todos los objetos alcanzables. En la fase de "sweep", se eliminan los objetos no marcados.;Este algoritmo es eficiente y comúnmente usado en motores de JavaScript como V8.;;
¿Cómo se puede evitar la fuga de memoria (memory leak) en JavaScript?;Para evitar fugas de memoria, es importante asegurarse de que las referencias a objetos que ya no se necesitan se eliminen. Esto incluye limpiar eventos, cerrar intervalos y evitar referencias no necesarias.;El uso adecuado de variables locales y la eliminación de referencias circulares también ayuda a prevenir fugas de memoria.;let element = document.getElementById('myElement') element.addEventListener('click', () => { console.log('Clicked') }) // Remove event listener when no longer needed element.removeEventListener('click', handler);
¿Qué es un Execution Context en JavaScript?;Un Execution Context es el entorno en el cual se ejecuta una porción de código. Incluye información sobre las variables, objetos y funciones disponibles, así como el valor de this.;Cada función, bloque de código y script global tiene su propio Execution Context.;;
¿Qué tipos de Execution Context existen en JavaScript?;En JavaScript, hay tres tipos de Execution Context: el contexto global, el contexto de función y el contexto de evaluación (eval).;El contexto global se crea cuando el script es ejecutado por primera vez, mientras que los contextos de función se crean cada vez que una función es invocada.;;
¿Qué es el contexto global en JavaScript?;El contexto global es el entorno de ejecución más externo que se crea cuando una página web o script se carga por primera vez. En el navegador, el objeto global es window, mientras que en Node.js es global.;El contexto global contiene todas las variables y funciones que no están dentro de ninguna función o bloque.;;
¿Cómo se crea un nuevo Execution Context?;Un nuevo Execution Context se crea cada vez que una función es invocada. Este contexto incluye un objeto de activación que contiene los parámetros de la función, variables locales y una referencia a la función misma.;El contexto de ejecución permite que la función acceda a su propio ámbito y a los ámbitos externos.;;
¿Qué es el Lexical Environment en JavaScript?;El Lexical Environment es una estructura que contiene referencias a las variables y funciones declaradas en el ámbito léxico donde se ejecuta una porción de código. Se crea cuando se invoca una función o se evalúa un bloque de código.;Cada Lexical Environment tiene una referencia a su Lexical Environment externo, formando una cadena de ámbito.;;
¿Cómo funciona la cadena de ámbito en JavaScript?;La cadena de ámbito es la relación jerárquica entre los Lexical Environments. Cuando se busca una variable, JavaScript primero la busca en el Lexical Environment actual. Si no la encuentra, se desplaza al Lexical Environment externo y así sucesivamente hasta llegar al contexto global.;Esto permite que las funciones accedan a variables de sus ámbitos externos, facilitando cierres y el alcance léxico.;function outerFunction() { let outerVariable = 'I am outside!' function innerFunction() { console.log(outerVariable) } innerFunction() } outerFunction() // Output: I am outside!;
¿Cómo afecta el hoisting a las variables y funciones en el Execution Context?;El hoisting es el comportamiento por el cual las declaraciones de variables y funciones se mueven al principio de su contexto de ejecución durante la fase de creación. Esto significa que las funciones pueden ser llamadas antes de ser declaradas y las variables pueden ser referenciadas antes de su declaración.;Sin embargo, las variables declaradas con let y const no se inicializan durante el hoisting, lo que puede llevar a errores si se accede a ellas antes de su declaración.;console.log(myVar) // undefined var myVar = 5 console.log(myVar) // 5 console.log(myLet) // ReferenceError: Cannot access 'myLet' before initialization let myLet = 10;
¿Qué es el objeto de activación en un Execution Context?;El objeto de activación es una estructura que se crea cuando se invoca una función y forma parte del Execution Context. Contiene las referencias a los argumentos de la función, las variables locales y una referencia a la función misma.;Este objeto permite que la función acceda y manipule sus propios datos durante la ejecución.;;
¿Cómo se relaciona el scope chain con el Lexical Environment?;El scope chain es una lista de objetos de activación que representan los ámbitos léxicos en los que se define una función. El Lexical Environment actual contiene una referencia al scope chain, permitiendo el acceso a variables y funciones en ámbitos externos.;Esto asegura que las variables se resuelvan en el orden correcto, desde el ámbito más interno al más externo.;;
¿Qué es un closure en JavaScript y cómo funciona?;Un closure es una función que retiene acceso a su Lexical Environment externo incluso después de que la función externa haya terminado de ejecutarse. Esto permite que la función interna acceda a las variables del ámbito externo.;Los closures son útiles para crear funciones con estado privado y para manejar datos de manera segura.;function outerFunction() { let counter = 0 return function() { counter++ return counter } } const increment = outerFunction() console.log(increment()) // 1 console.log(increment()) // 2;


¿Qué es la cola de eventos (Event Queue) en JavaScript?;La cola de eventos (Event Queue) es una estructura de datos donde se almacenan los eventos que han ocurrido y están esperando a ser procesados por el Event Loop. Incluye eventos como clics del usuario, respuestas de red y timers.;La cola de eventos asegura que los eventos se manejen en el orden en que ocurrieron, después de que el Call Stack esté vacío.;;
¿Cómo funcionan los callbacks en JavaScript?;Los callbacks son funciones que se pasan como argumentos a otras funciones y se ejecutan después de que se completa una operación asíncrona. Permiten manejar operaciones como solicitudes de red y temporizadores.;Los callbacks son fundamentales para el manejo de tareas asíncronas en JavaScript.;function fetchData(callback) { setTimeout(() => { callback('Data retrieved') }, 1000) } fetchData((data) => { console.log(data) });
¿Qué es el "callback hell" y cómo se puede evitar?;El "callback hell" se refiere a la situación donde múltiples callbacks anidados crean un código difícil de leer y mantener. Ocurre comúnmente cuando se manejan varias operaciones asíncronas en secuencia.;Se puede evitar usando Promises, async/await, o modularizando el código para mantener la legibilidad.;setTimeout(() => { console.log('Step 1') setTimeout(() => { console.log('Step 2') setTimeout(() => { console.log('Step 3') }, 1000) }, 1000) }, 1000);
¿Cómo las Promises ayudan a evitar el "callback hell"?;Las Promises permiten encadenar operaciones asíncronas de manera más legible y manejable que los callbacks anidados. Facilitan el manejo de errores y la estructura del código.;El método then permite encadenar Promises, y el método catch maneja los errores.;fetch('https://api.example.com/data') .then(response => response.json()) .then(data => console.log(data)) .catch(error => console.error(error));
¿Qué es el Pool de Hilos (Thread Pool) y cómo se relaciona con JavaScript?;El Pool de Hilos es un grupo de hilos gestionados por el entorno de ejecución (como Node.js) para manejar tareas asíncronas que requieren operaciones de I/O o cálculos intensivos.;JavaScript es de un solo hilo, pero el entorno de ejecución puede usar un pool de hilos para manejar tareas en paralelo sin bloquear el hilo principal.;
¿Cómo se utiliza el Pool de Hilos en Node.js?;En Node.js, el Pool de Hilos es gestionado por la biblioteca libuv. Se utiliza para ejecutar operaciones de I/O y otras tareas intensivas en paralelo, permitiendo que el hilo principal permanezca no bloqueado.;Las operaciones como la lectura/escritura de archivos y las consultas de bases de datos pueden aprovechar el Pool de Hilos.;
¿Cuál es la diferencia entre el Event Loop y el Pool de Hilos?;El Event Loop es responsable de manejar la ejecución de código, la recolección de eventos y la ejecución de tareas y microtareas en el hilo principal de JavaScript. El Pool de Hilos, por otro lado, maneja tareas intensivas en paralelo.;El Event Loop gestiona el flujo general del programa, mientras que el Pool de Hilos maneja tareas específicas que podrían bloquear el hilo principal.;;
¿Cómo se crean y manejan los eventos personalizados en JavaScript?;Los eventos personalizados se pueden crear y despachar utilizando la API de eventos del DOM. Se utiliza el constructor Event para crear un evento y el método dispatchEvent para lanzarlo.;Esto permite a los desarrolladores definir y manejar eventos específicos para sus aplicaciones.;const event = new Event('customEvent') document.addEventListener('customEvent', () => { console.log('Custom event triggered') }) document.dispatchEvent(event);
¿Qué es un callback síncrono y un callback asíncrono?;Un callback síncrono se ejecuta inmediatamente durante la ejecución de la función en la que se pasa como argumento, bloqueando la ejecución hasta que se complete. Un callback asíncrono se ejecuta después de que se complete una operación asíncrona, permitiendo que otras operaciones continúen.;Los callbacks síncronos son comunes en operaciones como la iteración de arrays, mientras que los callbacks asíncronos se utilizan en operaciones como solicitudes de red.;const numbers = [1, 2, 3] numbers.forEach(num => console.log(num)) // Síncrono setTimeout(() => { console.log('Asíncrono') }, 1000) // Asíncrono;
¿Cómo se manejan los errores en los callbacks en JavaScript?;Los errores en los callbacks se manejan pasando un objeto de error como el primer argumento del callback. Si no hay error, el primer argumento es null.;Esta convención es común en Node.js y permite diferenciar claramente entre resultados exitosos y errores.;function callback(error, data) { if (error) { console.error('Error:', error) return } console.log('Data:', data) } readFile('path/to/file', callback);
¿Cómo afecta la cola de eventos a la experiencia del usuario en aplicaciones web?;La cola de eventos permite que las aplicaciones web respondan a las interacciones del usuario de manera no bloqueante y fluida. Asegura que las operaciones de larga duración no congelen la interfaz de usuario.;Un manejo eficiente de la cola de eventos mejora significativamente la responsividad y la experiencia del usuario.;document.getElementById('button').addEventListener('click', () => { console.log('Button clicked') });
¿Qué es el mecanismo de "tick" en el contexto del Event Loop?;Un "tick" es una iteración del Event Loop. Durante cada tick, el Event Loop procesa todas las tareas en el Call Stack, las microtareas, y luego extrae y ejecuta tareas de la Task Queue.;Cada tick representa un ciclo completo de revisión y ejecución de las tareas pendientes.;;
¿Cómo se pueden ejecutar múltiples operaciones asíncronas en paralelo en JavaScript?;Múltiples operaciones asíncronas se pueden ejecutar en paralelo utilizando Promises o async/await junto con métodos como Promise.all. También se pueden utilizar Web Workers para operaciones intensivas.;Promise.all permite ejecutar varias Promises simultáneamente y esperar a que todas se completen.;const promise1 = fetch('https://api.example.com/data1') const promise2 = fetch('https://api.example.com/data2') Promise.all([promise1, promise2]).then(responses => { return Promise.all(responses.map(response => response.json())) }).then(data => { console.log(data) });


¿Qué determina el orden de ejecución en JavaScript?;El orden de ejecución en JavaScript es determinado por el Call Stack y el Event Loop. El Call Stack maneja las llamadas a funciones, mientras que el Event Loop coordina las tareas asíncronas y las microtareas.;El Event Loop asegura que el código síncrono se ejecute primero, seguido por las microtareas y luego las tareas de la Task Queue.;
¿Qué es la Task Queue en JavaScript?;La Task Queue es una cola donde se almacenan las tareas que están listas para ser ejecutadas después de que el Call Stack esté vacío. Incluye tareas como callbacks de timers y eventos.;La Task Queue trabaja junto con el Event Loop para manejar tareas asíncronas de manera eficiente.;
¿Cómo funciona la interacción entre el Call Stack y la Task Queue?;El Event Loop verifica constantemente si el Call Stack está vacío. Si está vacío, extrae la primera tarea de la Task Queue y la ejecuta. Esto asegura que las tareas asíncronas se ejecuten en el orden correcto.;Las tareas en la Task Queue se ejecutan después de que todas las tareas en el Call Stack hayan terminado.;
¿Cuál es la diferencia entre la Task Queue y la Microtask Queue?;La Task Queue almacena tareas regulares como callbacks de setTimeout y eventos de usuario. La Microtask Queue almacena tareas de mayor prioridad como las callbacks de Promises y mutaciones del DOM.;Las microtareas tienen prioridad sobre las tareas regulares y se ejecutan antes que cualquier tarea en la Task Queue.;Promise.resolve().then(() => { console.log('Microtask') }) setTimeout(() => { console.log('Task') }, 0);
¿Cómo afectan las Promises al orden de ejecución en JavaScript?;Las Promises crean microtareas que se añaden a la Microtask Queue. Estas microtareas se ejecutan antes que cualquier tarea en la Task Queue, asegurando que las Promises se resuelvan lo más rápido posible.;Esto puede provocar que el código asociado a las Promises se ejecute antes de tareas programadas con setTimeout o setInterval.;Promise.resolve().then(() => { console.log('Promise resolved') }) setTimeout(() => { console.log('Timeout') }, 0);
¿Qué sucede cuando se llama a setTimeout en JavaScript?;Cuando se llama a setTimeout, la función especificada se añade a la Task Queue después de que pase el tiempo de espera especificado. No se ejecuta inmediatamente, sino después de que todas las tareas en el Call Stack y las microtareas hayan sido completadas.;Esto permite que otras operaciones continúen ejecutándose sin esperar a que el temporizador expire.;setTimeout(() => { console.log('Timeout') }, 1000) console.log('This runs first');
¿Cómo se manejan los eventos de usuario en el orden de ejecución de JavaScript?;Los eventos de usuario, como clics y teclas presionadas, generan tareas que se añaden a la Task Queue. Estas tareas se ejecutan en el orden en que se generaron, después de que el Call Stack esté vacío y las microtareas se hayan procesado.;Esto asegura que las interacciones del usuario se manejen de manera fluida y eficiente.;document.getElementById('myButton').addEventListener('click', () => { console.log('Button clicked') });
¿Qué es la "Starvation" de la Task Queue y cómo puede ocurrir?;La "Starvation" de la Task Queue ocurre cuando las tareas en la Task Queue no se ejecutan debido a la constante adición de microtareas en la Microtask Queue. Esto puede hacer que las tareas regulares se retrasen indefinidamente.;Para evitar esto, es importante equilibrar el uso de microtareas y tareas regulares.;;
¿Cómo se pueden priorizar las tareas en JavaScript?;En JavaScript, las tareas se priorizan automáticamente: primero se ejecutan las tareas en el Call Stack, luego las microtareas de la Microtask Queue y finalmente las tareas de la Task Queue.;Para manualmente priorizar tareas, se pueden usar Promises para microtareas y setTimeout para tareas regulares.;Promise.resolve().then(() => { console.log('High priority task') }) setTimeout(() => { console.log('Low priority task') }, 0);
¿Cómo afecta el orden de ejecución a la eficiencia de las aplicaciones web?;Un manejo adecuado del orden de ejecución asegura que las aplicaciones web sean responsivas y eficientes. Evitar el bloqueo del Call Stack y priorizar correctamente las tareas permite un rendimiento fluido y una mejor experiencia del usuario.;El uso eficiente de asíncronía y microtareas puede mejorar significativamente el rendimiento de aplicaciones web complejas.;;
¿Cómo se puede visualizar la Task Queue y la Microtask Queue en tiempo real?;Las herramientas de desarrollo del navegador, como las DevTools de Chrome, permiten visualizar el estado de la Task Queue y la Microtask Queue. Puedes establecer puntos de interrupción y observar cómo se gestionan las tareas y microtareas en tiempo real.;Esto es útil para depurar problemas de rendimiento y entender el flujo de ejecución del código.;;
¿Cómo el Event Loop asegura la ejecución ordenada de código síncrono y asíncrono?;El Event Loop asegura que el código síncrono se ejecute primero completando todas las tareas en el Call Stack antes de procesar cualquier tarea asíncrona. Luego ejecuta las microtareas y finalmente las tareas de la Task Queue.;Esto garantiza que las operaciones se realicen en el orden correcto y que las tareas asíncronas no bloqueen el flujo principal del programa.;;


¿Qué sucede cuando una función se llama en JavaScript?;Cuando una función se llama en JavaScript, se crea un nuevo marco de pila (stack frame) para esa función y se añade al Call Stack. Este marco contiene la información necesaria para ejecutar la función, como los argumentos y las variables locales.;Cada vez que una función termina, su marco se elimina del Call Stack.;;
¿Qué es una pila (stack) LIFO y cómo se relaciona con el Call Stack?;LIFO significa Last In, First Out, y se refiere a la forma en que las funciones se gestionan en el Call Stack. La última función en entrar en la pila es la primera en salir.;Esto garantiza que las funciones se completen en el orden inverso al que fueron llamadas.;;
¿Qué es un desbordamiento de pila (stack overflow) en JavaScript?;Un desbordamiento de pila ocurre cuando el Call Stack alcanza su límite máximo de tamaño, generalmente debido a llamadas recursivas excesivas o bucles infinitos.;Esto provoca que el programa se bloquee y lance un error de tipo "RangeError: Maximum call stack size exceeded".;function recursiveFunction() { recursiveFunction() } recursiveFunction();
¿Cómo se puede evitar un desbordamiento de pila en JavaScript?;Para evitar un desbordamiento de pila, se deben controlar las llamadas recursivas y asegurarse de que existan condiciones de terminación adecuadas. También se pueden usar iteraciones en lugar de recursiones cuando sea posible.;Otra técnica es dividir tareas grandes en partes más pequeñas y ejecutarlas de manera asíncrona usando setTimeout o requestAnimationFrame.;function safeRecursiveFunction(counter) { if (counter <= 0) return safeRecursiveFunction(counter - 1) } safeRecursiveFunction(10);
¿Qué ocurre cuando una función lanza una excepción en el Call Stack?;Cuando una función lanza una excepción, el motor de JavaScript busca un bloque catch en el Call Stack para manejar la excepción. Si no se encuentra un bloque catch, la excepción recorre la pila hasta que se maneje o provoque el cierre del programa.;Esto permite manejar errores en niveles superiores del código sin interrumpir el flujo general del programa.;try { throw new Error('Oops!') } catch (e) { console.error(e.message) }
¿Cómo afecta el Call Stack al manejo de errores en JavaScript?;El Call Stack permite rastrear el origen de los errores mediante la creación de un rastro de pila (stack trace). Este rastro muestra la secuencia de funciones que llevaron al error, facilitando la depuración.;Las herramientas de desarrollo en los navegadores pueden mostrar el rastro de pila cuando ocurre un error.;;
¿Cómo se pueden optimizar las funciones recursivas para evitar problemas con el Call Stack?;Las funciones recursivas pueden optimizarse utilizando técnicas como la recursión de cola (tail recursion) o transformándolas en bucles iterativos.;La recursión de cola es una optimización donde la llamada recursiva es la última operación en la función, permitiendo al motor de JavaScript optimizar el uso del Call Stack.;function tailRecursiveFunction(n, acc = 1) { if (n <= 1) return acc return tailRecursiveFunction(n - 1, n * acc) } console.log(tailRecursiveFunction(5));
¿Qué es una llamada de función síncrona en el contexto del Call Stack?;Una llamada de función síncrona es aquella que se ejecuta completamente antes de que se pueda ejecutar cualquier otra función. La función se añade al Call Stack y debe completarse antes de que se procese la siguiente tarea.;Las llamadas síncronas pueden bloquear el Event Loop si toman mucho tiempo en completarse.;function synchronousFunction() { for (let i = 0 i < 1e9 i++) console.log('Completed') } synchronousFunction() console.log('Next task');
¿Cómo se relaciona el Call Stack con las funciones anónimas?;Las funciones anónimas se comportan de la misma manera que las funciones nombradas en cuanto al Call Stack. Cuando se llaman, se crea un marco de pila para ellas y se añade al Call Stack.;Son útiles para tareas como callbacks, donde la función no necesita un nombre específico.;setTimeout(function() { console.log('Anonymous function executed') }, 1000);
¿Cómo se puede visualizar el Call Stack durante la depuración en los navegadores?;Durante la depuración, las herramientas de desarrollo del navegador (como las DevTools de Chrome) permiten visualizar el Call Stack. Se puede ver el rastro de pila actual, establecer puntos de interrupción y examinar el estado de las variables.;Esto facilita la identificación de problemas y la comprensión del flujo de ejecución del código.;;

